video,status,start_time,end_time,elapsed_seconds,output_dir,error
/home/users/oauser/mvsa/vehicle-counting/dataset/DC646KA01 - Traffic & Transport Primary Surveys Hubballi-Dharwad in the state of Karnataka/CVC - 24 hour CVC/CVC 10 - Savadatti Road/Cam 2 - Backup/2026-07-23/20260723_203600_tp00040.mp4,failed,2026-08-22 13:51:38,2026-08-22 13:58:59,440.75,/home/users/oauser/mvsa/vehicle-counting/output/dataset/DC646KA01 - Traffic & Transport Primary Surveys Hubballi-Dharwad in the state of Karnataka/CVC - 24 hour CVC/CVC 10 - Savadatti Road/Cam 2 - Backup/2026-07-23/20260723_203600_tp00040,Pipeline finished but expected output files are missing
/home/users/oauser/mvsa/vehicle-counting/dataset/DC646KA01 - Traffic & Transport Primary Surveys Hubballi-Dharwad in the state of Karnataka/CVC - 24 hour CVC/CVC 10 - Savadatti Road/Cam 2 - Backup/2026-07-24/20260724_015035_tp00046.mp4,failed,2026-08-22 13:58:59,2026-08-22 14:05:27,388.07,/home/users/oauser/mvsa/vehicle-counting/output/dataset/DC646KA01 - Traffic & Transport Primary Surveys Hubballi-Dharwad in the state of Karnataka/CVC - 24 hour CVC/CVC 10 - Savadatti Road/Cam 2 - Backup/2026-07-24/20260724_015035_tp00046,Pipeline finished but expected output files are missing
/home/users/oauser/mvsa/vehicle-counting/dataset/DC646KA01 - Traffic & Transport Primary Surveys Hubballi-Dharwad in the state of Karnataka/CVC - 24 hour CVC/CVC 11 - OC7/Cam 3 - EB Backup/2026-07-21/20260721_214547_tp00037.mp4,completed,2026-08-22 14:05:27,2026-08-22 14:11:21,353.7,/home/users/oauser/mvsa/vehicle-counting/output/dataset/DC646KA01 - Traffic & Transport Primary Surveys Hubballi-Dharwad in the state of Karnataka/CVC - 24 hour CVC/CVC 11 - OC7/Cam 3 - EB Backup/2026-07-21/20260721_214547_tp00037,
/home/users/oauser/mvsa/vehicle-counting/dataset/DC646KA01 - Traffic & Transport Primary Surveys Hubballi-Dharwad in the state of Karnataka/CVC - 24 hour CVC/CVC 11 - OC7/Cam 3 - EB Backup/2026-07-22/20260722_042719_tp00043.mp4,completed,2026-08-22 14:11:21,2026-08-22 14:16:52,330.82,/home/users/oauser/mvsa/vehicle-counting/output/dataset/DC646KA01 - Traffic & Transport Primary Surveys Hubballi-Dharwad in the state of Karnataka/CVC - 24 hour CVC/CVC 11 - OC7/Cam 3 - EB Backup/2026-07-22/20260722_042719_tp00043,
/home/users/oauser/mvsa/vehicle-counting/dataset/DC646KA01 - Traffic & Transport Primary Surveys Hubballi-Dharwad in the state of Karnataka/CVC - 24 hour CVC/CVC 11 - OC7/Cam 4 - WB Backup/2026-07-21/20260721_185428_tp00032.mp4,completed,2026-08-22 14:16:52,2026-08-22 14:23:15,382.81,/home/users/oauser/mvsa/vehicle-counting/output/dataset/DC646KA01 - Traffic & Transport Primary Surveys Hubballi-Dharwad in the state of Karnataka/CVC - 24 hour CVC/CVC 11 - OC7/Cam 4 - WB Backup/2026-07-21/20260721_185428_tp00032,
/home/users/oauser/mvsa/vehicle-counting/dataset/DC646KA01 - Traffic & Transport Primary Surveys Hubballi-Dharwad in the state of Karnataka/CVC - 24 hour CVC/CVC 11 - OC7/Cam 4 - WB Backup/2026-07-22/20260722_053437_tp00043.mp4,completed,2026-08-22 14:23:15,2026-08-22 14:29:00,345.61,/home/users/oauser/mvsa/vehicle-counting/output/dataset/DC646KA01 - Traffic & Transport Primary Surveys Hubballi-Dharwad in the state of Karnataka/CVC - 24 hour CVC/CVC 11 - OC7/Cam 4 - WB Backup/2026-07-22/20260722_053437_tp00043,
/home/users/oauser/mvsa/vehicle-counting/dataset/DC646KA01 - Traffic & Transport Primary Surveys Hubballi-Dharwad in the state of Karnataka/CVC - 24 hour CVC/CVC 3 - Haliyal Road/Cam 2 - Backup/2026-07-21/20260721_085356_tp00024.mp4,completed,2026-08-22 14:29:00,2026-08-22 14:35:54,413.25,/home/users/oauser/mvsa/vehicle-counting/output/dataset/DC646KA01 - Traffic & Transport Primary Surveys Hubballi-Dharwad in the state of Karnataka/CVC - 24 hour CVC/CVC 3 - Haliyal Road/Cam 2 - Backup/2026-07-21/20260721_085356_tp00024,
/home/users/oauser/mvsa/vehicle-counting/dataset/DC646KA01 - Traffic & Transport Primary Surveys Hubballi-Dharwad in the state of Karnataka/CVC - 24 hour CVC/CVC 3 - Haliyal Road/Cam 2 - Backup/2026-07-22/20260722_011006_tp00051.mp4,failed,2026-08-22 14:35:54,2026-08-22 14:41:59,365.18,/home/users/oauser/mvsa/vehicle-counting/output/dataset/DC646KA01 - Traffic & Transport Primary Surveys Hubballi-Dharwad in the state of Karnataka/CVC - 24 hour CVC/CVC 3 - Haliyal Road/Cam 2 - Backup/2026-07-22/20260722_011006_tp00051,Pipeline finished but expected output files are missing
/home/users/oauser/mvsa/vehicle-counting/dataset/DC646KA01 - Traffic & Transport Primary Surveys Hubballi-Dharwad in the state of Karnataka/CVC - 24 hour CVC/CVC 4 - Kalaghadgi Road/Cam 2 - Backup/2026-07-21/20260721_231816_tp00048.mp4,completed,2026-08-22 14:41:59,2026-08-22 14:48:24,384.86,/home/users/oauser/mvsa/vehicle-counting/output/dataset/DC646KA01 - Traffic & Transport Primary Surveys Hubballi-Dharwad in the state of Karnataka/CVC - 24 hour CVC/CVC 4 - Kalaghadgi Road/Cam 2 - Backup/2026-07-21/20260721_231816_tp00048,
/home/users/oauser/mvsa/vehicle-counting/dataset/DC646KA01 - Traffic & Transport Primary Surveys Hubballi-Dharwad in the state of Karnataka/CVC - 24 hour CVC/CVC 4 - Kalaghadgi Road/Cam 2 - Backup/2026-07-22/20260722_055421_tp00052.mp4,completed,2026-08-22 14:48:24,2026-08-22 14:55:17,413.22,/home/users/oauser/mvsa/vehicle-counting/output/dataset/DC646KA01 - Traffic & Transport Primary Surveys Hubballi-Dharwad in the state of Karnataka/CVC - 24 hour CVC/CVC 4 - Kalaghadgi Road/Cam 2 - Backup/2026-07-22/20260722_055421_tp00052,
/home/users/oauser/mvsa/vehicle-counting/dataset/DC646KA01 - Traffic & Transport Primary Surveys Hubballi-Dharwad in the state of Karnataka/CVC - 24 hour CVC/CVC 5 - Anchatgeri Road/Cam 2/2026-07-24/20260724_122455_tp00067.mp4,completed,2026-08-22 14:55:17,2026-08-22 15:02:26,429.15,/home/users/oauser/mvsa/vehicle-counting/output/dataset/DC646KA01 - Traffic & Transport Primary Surveys Hubballi-Dharwad in the state of Karnataka/CVC - 24 hour CVC/CVC 5 - Anchatgeri Road/Cam 2/2026-07-24/20260724_122455_tp00067,
/home/users/oauser/mvsa/vehicle-counting/dataset/DC646KA01 - Traffic & Transport Primary Surveys Hubballi-Dharwad in the state of Karnataka/CVC - 24 hour CVC/CVC 5 - Anchatgeri Road/Cam 2/2026-07-25/20260725_054349_tp00094.mp4,completed,2026-08-22 15:02:26,2026-08-22 15:08:44,377.74,/home/users/oauser/mvsa/vehicle-counting/output/dataset/DC646KA01 - Traffic & Transport Primary Surveys Hubballi-Dharwad in the state of Karnataka/CVC - 24 hour CVC/CVC 5 - Anchatgeri Road/Cam 2/2026-07-25/20260725_054349_tp00094,
/home/users/oauser/mvsa/vehicle-counting/dataset/DC646KA01 - Traffic & Transport Primary Surveys Hubballi-Dharwad in the state of Karnataka/CVC - 24 hour CVC/CVC 6 - NH-48/Cam 3 - NB Backup/2026-07-25/20260725_052719_tp00155.mp4,failed,2026-08-22 15:08:44,2026-08-22 15:15:14,390.55,/home/users/oauser/mvsa/vehicle-counting/output/dataset/DC646KA01 - Traffic & Transport Primary Surveys Hubballi-Dharwad in the state of Karnataka/CVC - 24 hour CVC/CVC 6 - NH-48/Cam 3 - NB Backup/2026-07-25/20260725_052719_tp00155,Pipeline finished but expected output files are missing
/home/users/oauser/mvsa/vehicle-counting/dataset/DC646KA01 - Traffic & Transport Primary Surveys Hubballi-Dharwad in the state of Karnataka/CVC - 24 hour CVC/CVC 6 - NH-48/Cam 3 - NB Backup/2026-07-26/20260726_013708_tp00183.mp4,completed,2026-08-22 15:15:14,2026-08-22 15:22:41,446.53,/home/users/oauser/mvsa/vehicle-counting/output/dataset/DC646KA01 - Traffic & Transport Primary Surveys Hubballi-Dharwad in the state of Karnataka/CVC - 24 hour CVC/CVC 6 - NH-48/Cam 3 - NB Backup/2026-07-26/20260726_013708_tp00183,
/home/users/oauser/mvsa/vehicle-counting/dataset/DC646KA01 - Traffic & Transport Primary Surveys Hubballi-Dharwad in the state of Karnataka/CVC - 24 hour CVC/CVC 6 - NH-48/Cam 4 - SB Backup/2026-07-25/20260725_153927_tp00134.mp4,completed,2026-08-22 15:22:41,2026-08-22 15:29:51,429.79,/home/users/oauser/mvsa/vehicle-counting/output/dataset/DC646KA01 - Traffic & Transport Primary Surveys Hubballi-Dharwad in the state of Karnataka/CVC - 24 hour CVC/CVC 6 - NH-48/Cam 4 - SB Backup/2026-07-25/20260725_153927_tp00134,
/home/users/oauser/mvsa/vehicle-counting/dataset/DC646KA01 - Traffic & Transport Primary Surveys Hubballi-Dharwad in the state of Karnataka/CVC - 24 hour CVC/CVC 6 - NH-48/Cam 4 - SB Backup/2026-07-26/20260726_032234_tp00154.mp4,completed,2026-08-22 15:29:51,2026-08-22 15:36:27,396.93,/home/users/oauser/mvsa/vehicle-counting/output/dataset/DC646KA01 - Traffic & Transport Primary Surveys Hubballi-Dharwad in the state of Karnataka/CVC - 24 hour CVC/CVC 6 - NH-48/Cam 4 - SB Backup/2026-07-26/20260726_032234_tp00154,
/home/users/oauser/mvsa/vehicle-counting/dataset/DC646KA01 - Traffic & Transport Primary Surveys Hubballi-Dharwad in the state of Karnataka/CVC - 24 hour CVC/CVC 7 - Gadag Road/Cam 3 - Backup/2026-07-22/20260722_082004_tp00014.mp4,completed,2026-08-22 15:36:27,2026-08-22 15:42:31,363.17,/home/users/oauser/mvsa/vehicle-counting/output/dataset/DC646KA01 - Traffic & Transport Primary Surveys Hubballi-Dharwad in the state of Karnataka/CVC - 24 hour CVC/CVC 7 - Gadag Road/Cam 3 - Backup/2026-07-22/20260722_082004_tp00014,
/home/users/oauser/mvsa/vehicle-counting/dataset/DC646KA01 - Traffic & Transport Primary Surveys Hubballi-Dharwad in the state of Karnataka/CVC - 24 hour CVC/CVC 7 - Gadag Road/Cam 3 - Backup/2026-07-23/20260723_005453_tp00033.mp4,failed,2026-08-22 15:42:31,2026-08-22 15:48:09,338.77,/home/users/oauser/mvsa/vehicle-counting/output/dataset/DC646KA01 - Traffic & Transport Primary Surveys Hubballi-Dharwad in the state of Karnataka/CVC - 24 hour CVC/CVC 7 - Gadag Road/Cam 3 - Backup/2026-07-23/20260723_005453_tp00033,Pipeline finished but expected output files are missing
/home/users/oauser/mvsa/vehicle-counting/dataset/DC646KA01 - Traffic & Transport Primary Surveys Hubballi-Dharwad in the state of Karnataka/CVC - 24 hour CVC/CVC 9 - Gopankoppa Road/Cam 2 - Backup/2026-07-23/20260723_221706_tp00042.mp4,failed,2026-08-22 15:48:09,2026-08-22 15:54:43,393.25,/home/users/oauser/mvsa/vehicle-counting/output/dataset/DC646KA01 - Traffic & Transport Primary Surveys Hubballi-Dharwad in the state of Karnataka/CVC - 24 hour CVC/CVC 9 - Gopankoppa Road/Cam 2 - Backup/2026-07-23/20260723_221706_tp00042,Pipeline finished but expected output files are missing
/home/users/oauser/mvsa/vehicle-counting/dataset/DC646KA01 - Traffic & Transport Primary Surveys Hubballi-Dharwad in the state of Karnataka/CVC - 24 hour CVC/CVC 9 - Gopankoppa Road/Cam 2 - Backup/2026-07-24/20260724_040125_tp00048.mp4,failed,2026-08-22 15:54:43,2026-08-22 16:01:05,382.32,/home/users/oauser/mvsa/vehicle-counting/output/dataset/DC646KA01 - Traffic & Transport Primary Surveys Hubballi-Dharwad in the state of Karnataka/CVC - 24 hour CVC/CVC 9 - Gopankoppa Road/Cam 2 - Backup/2026-07-24/20260724_040125_tp00048,Pipeline finished but expected output files are missing
/home/users/oauser/mvsa/vehicle-counting/dataset/DC646KA01 - Traffic & Transport Primary Surveys Hubballi-Dharwad in the state of Karnataka/TMC - 2 Days and 16 hours/TMC 13 - Manjunath Nagar Cross/Cam 1 - Backup/2026-07-27/20260727_214941_tp00059.mp4,completed,2026-08-22 16:01:05,2026-08-22 16:08:39,453.86,/home/users/oauser/mvsa/vehicle-counting/output/dataset/DC646KA01 - Traffic & Transport Primary Surveys Hubballi-Dharwad in the state of Karnataka/TMC - 2 Days and 16 hours/TMC 13 - Manjunath Nagar Cross/Cam 1 - Backup/2026-07-27/20260727_214941_tp00059,
/home/users/oauser/mvsa/vehicle-counting/dataset/DC646KA01 - Traffic & Transport Primary Surveys Hubballi-Dharwad in the state of Karnataka/TMC - 2 Days and 16 hours/TMC 13 - Manjunath Nagar Cross/Cam 1 - Backup/2026-07-28/20260728_205247_tp00103.mp4,completed,2026-08-22 16:08:39,2026-08-22 16:16:25,465.74,/home/users/oauser/mvsa/vehicle-counting/output/dataset/DC646KA01 - Traffic & Transport Primary Surveys Hubballi-Dharwad in the state of Karnataka/TMC - 2 Days and 16 hours/TMC 13 - Manjunath Nagar Cross/Cam 1 - Backup/2026-07-28/20260728_205247_tp00103,
/home/users/oauser/mvsa/vehicle-counting/dataset/DC646KA01 - Traffic & Transport Primary Surveys Hubballi-Dharwad in the state of Karnataka/TMC - 2 Days and 16 hours/TMC 13 - Manjunath Nagar Cross/Cam 4 - Backup Cam/2026-07-27/20260727_115510_tp00027.mp4,completed,2026-08-22 16:16:25,2026-08-22 16:23:59,453.92,/home/users/oauser/mvsa/vehicle-counting/output/dataset/DC646KA01 - Traffic & Transport Primary Surveys Hubballi-Dharwad in the state of Karnataka/TMC - 2 Days and 16 hours/TMC 13 - Manjunath Nagar Cross/Cam 4 - Backup Cam/2026-07-27/20260727_115510_tp00027,
/home/users/oauser/mvsa/vehicle-counting/dataset/DC646KA01 - Traffic & Transport Primary Surveys Hubballi-Dharwad in the state of Karnataka/TMC - 2 Days and 16 hours/TMC 13 - Manjunath Nagar Cross/Cam 4 - Backup Cam/2026-07-28/20260728_135021_tp00062.mp4,completed,2026-08-22 16:23:59,2026-08-22 16:32:13,494.26,/home/users/oauser/mvsa/vehicle-counting/output/dataset/DC646KA01 - Traffic & Transport Primary Surveys Hubballi-Dharwad in the state of Karnataka/TMC - 2 Days and 16 hours/TMC 13 - Manjunath Nagar Cross/Cam 4 - Backup Cam/2026-07-28/20260728_135021_tp00062,
/home/users/oauser/mvsa/vehicle-counting/dataset/DC646KA01 - Traffic & Transport Primary Surveys Hubballi-Dharwad in the state of Karnataka/TMC - 2 Days and 16 hours/TMC 14 - Akshay Park Circle/Cam 1 - Backup/2026-07-25/20260725_202317_tp00048.mp4,completed,2026-08-22 16:32:13,2026-08-22 16:40:18,485.18,/home/users/oauser/mvsa/vehicle-counting/output/dataset/DC646KA01 - Traffic & Transport Primary Surveys Hubballi-Dharwad in the state of Karnataka/TMC - 2 Days and 16 hours/TMC 14 - Akshay Park Circle/Cam 1 - Backup/2026-07-25/20260725_202317_tp00048,
/home/users/oauser/mvsa/vehicle-counting/dataset/DC646KA01 - Traffic & Transport Primary Surveys Hubballi-Dharwad in the state of Karnataka/TMC - 2 Days and 16 hours/TMC 14 - Akshay Park Circle/Cam 1 - Backup/2026-07-26/20260726_180006_tp00090.mp4,completed,2026-08-22 16:40:18,2026-08-22 16:49:08,530.1,/home/users/oauser/mvsa/vehicle-counting/output/dataset/DC646KA01 - Traffic & Transport Primary Surveys Hubballi-Dharwad in the state of Karnataka/TMC - 2 Days and 16 hours/TMC 14 - Akshay Park Circle/Cam 1 - Backup/2026-07-26/20260726_180006_tp00090,
/home/users/oauser/mvsa/vehicle-counting/dataset/DC646KA01 - Traffic & Transport Primary Surveys Hubballi-Dharwad in the state of Karnataka/TMC - 2 Days and 16 hours/TMC 14 - Akshay Park Circle/Cam 5/2026-07-25/20260725_214748_tp00047.mp4,completed,2026-08-22 16:49:08,2026-08-22 16:56:51,463.21,/home/users/oauser/mvsa/vehicle-counting/output/dataset/DC646KA01 - Traffic & Transport Primary Surveys Hubballi-Dharwad in the state of Karnataka/TMC - 2 Days and 16 hours/TMC 14 - Akshay Park Circle/Cam 5/2026-07-25/20260725_214748_tp00047,
/home/users/oauser/mvsa/vehicle-counting/dataset/DC646KA01 - Traffic & Transport Primary Surveys Hubballi-Dharwad in the state of Karnataka/TMC - 2 Days and 16 hours/TMC 14 - Akshay Park Circle/Cam 5/2026-07-26/20260726_212628_tp00091.mp4,completed,2026-08-22 16:56:51,2026-08-22 17:04:43,472.07,/home/users/oauser/mvsa/vehicle-counting/output/dataset/DC646KA01 - Traffic & Transport Primary Surveys Hubballi-Dharwad in the state of Karnataka/TMC - 2 Days and 16 hours/TMC 14 - Akshay Park Circle/Cam 5/2026-07-26/20260726_212628_tp00091,
/home/users/oauser/mvsa/vehicle-counting/dataset/DC646KA01 - Traffic & Transport Primary Surveys Hubballi-Dharwad in the state of Karnataka/TMC - 2 Days and 16 hours/TMC 15 - KSRTC Bus Depot／Vanivilas /Cam 1 - Backup/2026-07-26/20260726_210630_tp00048.mp4,completed,2026-08-22 17:04:43,2026-08-22 17:11:09,385.95,/home/users/oauser/mvsa/vehicle-counting/output/dataset/DC646KA01 - Traffic & Transport Primary Surveys Hubballi-Dharwad in the state of Karnataka/TMC - 2 Days and 16 hours/TMC 15 - KSRTC Bus Depot／Vanivilas /Cam 1 - Backup/2026-07-26/20260726_210630_tp00048,
/home/users/oauser/mvsa/vehicle-counting/dataset/DC646KA01 - Traffic & Transport Primary Surveys Hubballi-Dharwad in the state of Karnataka/TMC - 2 Days and 16 hours/TMC 15 - KSRTC Bus Depot／Vanivilas /Cam 1 - Backup/2026-07-27/20260727_105757_tp00068.mp4,completed,2026-08-22 17:11:09,2026-08-22 17:17:53,404.12,/home/users/oauser/mvsa/vehicle-counting/output/dataset/DC646KA01 - Traffic & Transport Primary Surveys Hubballi-Dharwad in the state of Karnataka/TMC - 2 Days and 16 hours/TMC 15 - KSRTC Bus Depot／Vanivilas /Cam 1 - Backup/2026-07-27/20260727_105757_tp00068,
/home/users/oauser/mvsa/vehicle-counting/dataset/DC646KA01 - Traffic & Transport Primary Surveys Hubballi-Dharwad in the state of Karnataka/TMC - 2 Days and 16 hours/TMC 15 - KSRTC Bus Depot／Vanivilas /Cam 2 - Backup/2026-07-26/20260726_094303_tp00029.mp4,completed,2026-08-22 17:17:53,2026-08-22 17:25:14,440.08,/home/users/oauser/mvsa/vehicle-counting/output/dataset/DC646KA01 - Traffic & Transport Primary Surveys Hubballi-Dharwad in the state of Karnataka/TMC - 2 Days and 16 hours/TMC 15 - KSRTC Bus Depot／Vanivilas /Cam 2 - Backup/2026-07-26/20260726_094303_tp00029,
/home/users/oauser/mvsa/vehicle-counting/dataset/DC646KA01 - Traffic & Transport Primary Surveys Hubballi-Dharwad in the state of Karnataka/TMC - 2 Days and 16 hours/TMC 15 - KSRTC Bus Depot／Vanivilas /Cam 2 - Backup/2026-07-27/20260727_125456_tp00078.mp4,completed,2026-08-22 17:25:14,2026-08-22 17:33:20,486.89,/home/users/oauser/mvsa/vehicle-counting/output/dataset/DC646KA01 - Traffic & Transport Primary Surveys Hubballi-Dharwad in the state of Karnataka/TMC - 2 Days and 16 hours/TMC 15 - KSRTC Bus Depot／Vanivilas /Cam 2 - Backup/2026-07-27/20260727_125456_tp00078,
/home/users/oauser/mvsa/vehicle-counting/dataset/DC646KA01 - Traffic & Transport Primary Surveys Hubballi-Dharwad in the state of Karnataka/TMC - 2 Days and 16 hours/TMC 15 - KSRTC Bus Depot／Vanivilas /Cam 3 - Backup/2026-07-26/20260726_145905_tp00045.mp4,completed,2026-08-22 17:33:20,2026-08-22 17:41:25,484.92,/home/users/oauser/mvsa/vehicle-counting/output/dataset/DC646KA01 - Traffic & Transport Primary Surveys Hubballi-Dharwad in the state of Karnataka/TMC - 2 Days and 16 hours/TMC 15 - KSRTC Bus Depot／Vanivilas /Cam 3 - Backup/2026-07-26/20260726_145905_tp00045,
/home/users/oauser/mvsa/vehicle-counting/dataset/DC646KA01 - Traffic & Transport Primary Surveys Hubballi-Dharwad in the state of Karnataka/TMC - 2 Days and 16 hours/TMC 15 - KSRTC Bus Depot／Vanivilas /Cam 3 - Backup/2026-07-27/20260727_200931_tp00101.mp4,completed,2026-08-22 17:41:25,2026-08-22 17:49:00,454.96,/home/users/oauser/mvsa/vehicle-counting/output/dataset/DC646KA01 - Traffic & Transport Primary Surveys Hubballi-Dharwad in the state of Karnataka/TMC - 2 Days and 16 hours/TMC 15 - KSRTC Bus Depot／Vanivilas /Cam 3 - Backup/2026-07-27/20260727_200931_tp00101,
/home/users/oauser/mvsa/vehicle-counting/dataset/DC646KA01 - Traffic & Transport Primary Surveys Hubballi-Dharwad in the state of Karnataka/TMC - 2 Days and 16 hours/TMC 15 - KSRTC Bus Depot／Vanivilas /Cam 4 - Backup/2026-07-26/20260726_212340_tp00043.mp4,completed,2026-08-22 17:49:00,2026-08-22 17:55:31,390.23,/home/users/oauser/mvsa/vehicle-counting/output/dataset/DC646KA01 - Traffic & Transport Primary Surveys Hubballi-Dharwad in the state of Karnataka/TMC - 2 Days and 16 hours/TMC 15 - KSRTC Bus Depot／Vanivilas /Cam 4 - Backup/2026-07-26/20260726_212340_tp00043,
/home/users/oauser/mvsa/vehicle-counting/dataset/DC646KA01 - Traffic & Transport Primary Surveys Hubballi-Dharwad in the state of Karnataka/TMC - 2 Days and 16 hours/TMC 15 - KSRTC Bus Depot／Vanivilas /Cam 4 - Backup/2026-07-27/20260727_172024_tp00070.mp4,completed,2026-08-22 17:55:31,2026-08-22 18:02:33,421.96,/home/users/oauser/mvsa/vehicle-counting/output/dataset/DC646KA01 - Traffic & Transport Primary Surveys Hubballi-Dharwad in the state of Karnataka/TMC - 2 Days and 16 hours/TMC 15 - KSRTC Bus Depot／Vanivilas /Cam 4 - Backup/2026-07-27/20260727_172024_tp00070,
/home/users/oauser/mvsa/vehicle-counting/dataset/DC646KA01 - Traffic & Transport Primary Surveys Hubballi-Dharwad in the state of Karnataka/TMC - 2 Days and 16 hours/TMC 18 - Durgabail Circle/Cam 4/2026-08-01/20260801_122322_tp00036.mp4,completed,2026-08-22 18:02:33,2026-08-22 18:10:07,454.95,/home/users/oauser/mvsa/vehicle-counting/output/dataset/DC646KA01 - Traffic & Transport Primary Surveys Hubballi-Dharwad in the state of Karnataka/TMC - 2 Days and 16 hours/TMC 18 - Durgabail Circle/Cam 4/2026-08-01/20260801_122322_tp00036,
/home/users/oauser/mvsa/vehicle-counting/dataset/DC646KA01 - Traffic & Transport Primary Surveys Hubballi-Dharwad in the state of Karnataka/TMC - 2 Days and 16 hours/TMC 18 - Durgabail Circle/Cam 4/2026-08-02/20260802_160512_tp00086.mp4,completed,2026-08-22 18:10:07,2026-08-22 18:17:46,458.48,/home/users/oauser/mvsa/vehicle-counting/output/dataset/DC646KA01 - Traffic & Transport Primary Surveys Hubballi-Dharwad in the state of Karnataka/TMC - 2 Days and 16 hours/TMC 18 - Durgabail Circle/Cam 4/2026-08-02/20260802_160512_tp00086,
/home/users/oauser/mvsa/vehicle-counting/dataset/DC646KA01 - Traffic & Transport Primary Surveys Hubballi-Dharwad in the state of Karnataka/TVC - 7 Days and 24 Hour CTVC/TVC 2 - Saptapur Road/Cam 2 - Backup/2026-08-05/20260805_232601_tp00050.mp4,completed,2026-08-22 18:17:46,2026-08-22 18:25:15,449.51,/home/users/oauser/mvsa/vehicle-counting/output/dataset/DC646KA01 - Traffic & Transport Primary Surveys Hubballi-Dharwad in the state of Karnataka/TVC - 7 Days and 24 Hour CTVC/TVC 2 - Saptapur Road/Cam 2 - Backup/2026-08-05/20260805_232601_tp00050,
/home/users/oauser/mvsa/vehicle-counting/dataset/DC646KA01 - Traffic & Transport Primary Surveys Hubballi-Dharwad in the state of Karnataka/TVC - 7 Days and 24 Hour CTVC/TVC 2 - Saptapur Road/Cam 2 - Backup/2026-08-06/20260806_141128_tp00068.mp4,completed,2026-08-22 18:25:15,2026-08-22 18:33:37,501.41,/home/users/oauser/mvsa/vehicle-counting/output/dataset/DC646KA01 - Traffic & Transport Primary Surveys Hubballi-Dharwad in the state of Karnataka/TVC - 7 Days and 24 Hour CTVC/TVC 2 - Saptapur Road/Cam 2 - Backup/2026-08-06/20260806_141128_tp00068,
/home/users/oauser/mvsa/vehicle-counting/dataset/DC646KA01 - Traffic & Transport Primary Surveys Hubballi-Dharwad in the state of Karnataka/TVC - 7 Days and 24 Hour CTVC/TVC 2 - Saptapur Road/Cam 2 - Backup/2026-08-07/20260807_051549_tp00089.mp4,failed,2026-08-22 18:33:37,2026-08-22 18:40:11,394.07,/home/users/oauser/mvsa/vehicle-counting/output/dataset/DC646KA01 - Traffic & Transport Primary Surveys Hubballi-Dharwad in the state of Karnataka/TVC - 7 Days and 24 Hour CTVC/TVC 2 - Saptapur Road/Cam 2 - Backup/2026-08-07/20260807_051549_tp00089,Pipeline finished but expected output files are missing
/home/users/oauser/mvsa/vehicle-counting/dataset/DC646KA01 - Traffic & Transport Primary Surveys Hubballi-Dharwad in the state of Karnataka/TVC - 7 Days and 24 Hour CTVC/TVC 2 - Saptapur Road/Cam 2 - Backup/2026-08-08/20260808_195738_tp00149.mp4,completed,2026-08-22 18:40:11,2026-08-22 18:47:49,458.36,/home/users/oauser/mvsa/vehicle-counting/output/dataset/DC646KA01 - Traffic & Transport Primary Surveys Hubballi-Dharwad in the state of Karnataka/TVC - 7 Days and 24 Hour CTVC/TVC 2 - Saptapur Road/Cam 2 - Backup/2026-08-08/20260808_195738_tp00149,
/home/users/oauser/mvsa/vehicle-counting/dataset/DC646KA01 - Traffic & Transport Primary Surveys Hubballi-Dharwad in the state of Karnataka/TVC - 7 Days and 24 Hour CTVC/TVC 2 - Saptapur Road/Cam 2 - Backup/2026-08-09/20260809_163313_tp00178.mp4,completed,2026-08-22 18:47:49,2026-08-22 18:55:17,448.05,/home/users/oauser/mvsa/vehicle-counting/output/dataset/DC646KA01 - Traffic & Transport Primary Surveys Hubballi-Dharwad in the state of Karnataka/TVC - 7 Days and 24 Hour CTVC/TVC 2 - Saptapur Road/Cam 2 - Backup/2026-08-09/20260809_163313_tp00178,
/home/users/oauser/mvsa/vehicle-counting/dataset/DC646KA01 - Traffic & Transport Primary Surveys Hubballi-Dharwad in the state of Karnataka/TVC - 7 Days and 24 Hour CTVC/TVC 2 - Saptapur Road/Cam 2 - Backup/2026-08-10/20260810_150920_tp00209.mp4,completed,2026-08-22 18:55:17,2026-08-22 19:03:05,467.31,/home/users/oauser/mvsa/vehicle-counting/output/dataset/DC646KA01 - Traffic & Transport Primary Surveys Hubballi-Dharwad in the state of Karnataka/TVC - 7 Days and 24 Hour CTVC/TVC 2 - Saptapur Road/Cam 2 - Backup/2026-08-10/20260810_150920_tp00209,
/home/users/oauser/mvsa/vehicle-counting/dataset/DC646KA01 - Traffic & Transport Primary Surveys Hubballi-Dharwad in the state of Karnataka/TVC - 7 Days and 24 Hour CTVC/TVC 2 - Saptapur Road/Cam 2 - Backup/2026-08-11/20260811_003048_tp00225.mp4,completed,2026-08-22 19:03:05,2026-08-22 19:10:10,425.41,/home/users/oauser/mvsa/vehicle-counting/output/dataset/DC646KA01 - Traffic & Transport Primary Surveys Hubballi-Dharwad in the state of Karnataka/TVC - 7 Days and 24 Hour CTVC/TVC 2 - Saptapur Road/Cam 2 - Backup/2026-08-11/20260811_003048_tp00225,
/home/users/oauser/mvsa/vehicle-counting/dataset/DC646KA01 - Traffic & Transport Primary Surveys Hubballi-Dharwad in the state of Karnataka/TVC - 7 Days and 24 Hour CTVC/TVC 4 - HD Road Navnagar/Cam 3 - EB Backup/2026-07-19/20260719_175032_tp00040.mp4,completed,2026-08-22 19:10:10,2026-08-22 19:16:21,371.37,/home/users/oauser/mvsa/vehicle-counting/output/dataset/DC646KA01 - Traffic & Transport Primary Surveys Hubballi-Dharwad in the state of Karnataka/TVC - 7 Days and 24 Hour CTVC/TVC 4 - HD Road Navnagar/Cam 3 - EB Backup/2026-07-19/20260719_175032_tp00040,
/home/users/oauser/mvsa/vehicle-counting/dataset/DC646KA01 - Traffic & Transport Primary Surveys Hubballi-Dharwad in the state of Karnataka/TVC - 7 Days and 24 Hour CTVC/TVC 4 - HD Road Navnagar/Cam 3 - EB Backup/2026-07-20/20260720_111347_tp00064.mp4,completed,2026-08-22 19:16:21,2026-08-22 19:19:23,181.81,/home/users/oauser/mvsa/vehicle-counting/output/dataset/DC646KA01 - Traffic & Transport Primary Surveys Hubballi-Dharwad in the state of Karnataka/TVC - 7 Days and 24 Hour CTVC/TVC 4 - HD Road Navnagar/Cam 3 - EB Backup/2026-07-20/20260720_111347_tp00064,
/home/users/oauser/mvsa/vehicle-counting/dataset/DC646KA01 - Traffic & Transport Primary Surveys Hubballi-Dharwad in the state of Karnataka/TVC - 7 Days and 24 Hour CTVC/TVC 4 - HD Road Navnagar/Cam 3 - EB Backup/2026-07-21/20260721_204152_tp00114.mp4,completed,2026-08-22 19:19:23,2026-08-22 19:25:25,361.43,/home/users/oauser/mvsa/vehicle-counting/output/dataset/DC646KA01 - Traffic & Transport Primary Surveys Hubballi-Dharwad in the state of Karnataka/TVC - 7 Days and 24 Hour CTVC/TVC 4 - HD Road Navnagar/Cam 3 - EB Backup/2026-07-21/20260721_204152_tp00114,
/home/users/oauser/mvsa/vehicle-counting/dataset/DC646KA01 - Traffic & Transport Primary Surveys Hubballi-Dharwad in the state of Karnataka/TVC - 7 Days and 24 Hour CTVC/TVC 4 - HD Road Navnagar/Cam 3 - EB Backup/2026-07-22/20260722_203656_tp00148.mp4,completed,2026-08-22 19:25:25,2026-08-22 19:31:27,362.0,/home/users/oauser/mvsa/vehicle-counting/output/dataset/DC646KA01 - Traffic & Transport Primary Surveys Hubballi-Dharwad in the state of Karnataka/TVC - 7 Days and 24 Hour CTVC/TVC 4 - HD Road Navnagar/Cam 3 - EB Backup/2026-07-22/20260722_203656_tp00148,
/home/users/oauser/mvsa/vehicle-counting/dataset/DC646KA01 - Traffic & Transport Primary Surveys Hubballi-Dharwad in the state of Karnataka/TVC - 7 Days and 24 Hour CTVC/TVC 4 - HD Road Navnagar/Cam 3 - EB Backup/2026-07-23/20260723_152826_tp00174.mp4,completed,2026-08-22 19:31:27,2026-08-22 19:37:50,382.95,/home/users/oauser/mvsa/vehicle-counting/output/dataset/DC646KA01 - Traffic & Transport Primary Surveys Hubballi-Dharwad in the state of Karnataka/TVC - 7 Days and 24 Hour CTVC/TVC 4 - HD Road Navnagar/Cam 3 - EB Backup/2026-07-23/20260723_152826_tp00174,
/home/users/oauser/mvsa/vehicle-counting/dataset/DC646KA01 - Traffic & Transport Primary Surveys Hubballi-Dharwad in the state of Karnataka/TVC - 7 Days and 24 Hour CTVC/TVC 4 - HD Road Navnagar/Cam 3 - EB Backup/2026-07-24/20260724_102254_tp00199.mp4,completed,2026-08-22 19:37:50,2026-08-22 19:43:59,369.51,/home/users/oauser/mvsa/vehicle-counting/output/dataset/DC646KA01 - Traffic & Transport Primary Surveys Hubballi-Dharwad in the state of Karnataka/TVC - 7 Days and 24 Hour CTVC/TVC 4 - HD Road Navnagar/Cam 3 - EB Backup/2026-07-24/20260724_102254_tp00199,
/home/users/oauser/mvsa/vehicle-counting/dataset/DC646KA01 - Traffic & Transport Primary Surveys Hubballi-Dharwad in the state of Karnataka/TVC - 7 Days and 24 Hour CTVC/TVC 4 - HD Road Navnagar/Cam 3 - EB Backup/2026-07-25/20260725_013811_tp00222.mp4,completed,2026-08-22 19:43:59,2026-08-22 19:49:23,323.55,/home/users/oauser/mvsa/vehicle-counting/output/dataset/DC646KA01 - Traffic & Transport Primary Surveys Hubballi-Dharwad in the state of Karnataka/TVC - 7 Days and 24 Hour CTVC/TVC 4 - HD Road Navnagar/Cam 3 - EB Backup/2026-07-25/20260725_013811_tp00222,
/home/users/oauser/mvsa/vehicle-counting/dataset/DC646KA01 - Traffic & Transport Primary Surveys Hubballi-Dharwad in the state of Karnataka/TVC - 7 Days and 24 Hour CTVC/TVC 4 - HD Road Navnagar/Cam 4 - WB Backup/2026-07-19/20260719_140729_tp00026.mp4,completed,2026-08-22 19:49:23,2026-08-22 19:55:42,379.5,/home/users/oauser/mvsa/vehicle-counting/output/dataset/DC646KA01 - Traffic & Transport Primary Surveys Hubballi-Dharwad in the state of Karnataka/TVC - 7 Days and 24 Hour CTVC/TVC 4 - HD Road Navnagar/Cam 4 - WB Backup/2026-07-19/20260719_140729_tp00026,
/home/users/oauser/mvsa/vehicle-counting/dataset/DC646KA01 - Traffic & Transport Primary Surveys Hubballi-Dharwad in the state of Karnataka/TVC - 7 Days and 24 Hour CTVC/TVC 4 - HD Road Navnagar/Cam 4 - WB Backup/2026-07-20/20260720_000523_tp00039.mp4,completed,2026-08-22 19:55:42,2026-08-22 20:01:30,347.95,/home/users/oauser/mvsa/vehicle-counting/output/dataset/DC646KA01 - Traffic & Transport Primary Surveys Hubballi-Dharwad in the state of Karnataka/TVC - 7 Days and 24 Hour CTVC/TVC 4 - HD Road Navnagar/Cam 4 - WB Backup/2026-07-20/20260720_000523_tp00039,
/home/users/oauser/mvsa/vehicle-counting/dataset/DC646KA01 - Traffic & Transport Primary Surveys Hubballi-Dharwad in the state of Karnataka/TVC - 7 Days and 24 Hour CTVC/TVC 4 - HD Road Navnagar/Cam 4 - WB Backup/2026-07-21/20260721_125547_tp00080.mp4,completed,2026-08-22 20:01:30,2026-08-22 20:07:41,371.1,/home/users/oauser/mvsa/vehicle-counting/output/dataset/DC646KA01 - Traffic & Transport Primary Surveys Hubballi-Dharwad in the state of Karnataka/TVC - 7 Days and 24 Hour CTVC/TVC 4 - HD Road Navnagar/Cam 4 - WB Backup/2026-07-21/20260721_125547_tp00080,
/home/users/oauser/mvsa/vehicle-counting/dataset/DC646KA01 - Traffic & Transport Primary Surveys Hubballi-Dharwad in the state of Karnataka/TVC - 7 Days and 24 Hour CTVC/TVC 4 - HD Road Navnagar/Cam 4 - WB Backup/2026-07-22/20260722_181846_tp00116.mp4,failed,2026-08-22 20:07:41,2026-08-22 20:07:44,3.09,/home/users/oauser/mvsa/vehicle-counting/output/dataset/DC646KA01 - Traffic & Transport Primary Surveys Hubballi-Dharwad in the state of Karnataka/TVC - 7 Days and 24 Hour CTVC/TVC 4 - HD Road Navnagar/Cam 4 - WB Backup/2026-07-22/20260722_181846_tp00116,Pipeline returned non-zero exit code: 1
/home/users/oauser/mvsa/vehicle-counting/dataset/DC646KA01 - Traffic & Transport Primary Surveys Hubballi-Dharwad in the state of Karnataka/TVC - 7 Days and 24 Hour CTVC/TVC 4 - HD Road Navnagar/Cam 4 - WB Backup/2026-07-23/20260723_151745_tp00140.mp4,completed,2026-08-22 20:07:44,2026-08-22 20:13:47,362.83,/home/users/oauser/mvsa/vehicle-counting/output/dataset/DC646KA01 - Traffic & Transport Primary Surveys Hubballi-Dharwad in the state of Karnataka/TVC - 7 Days and 24 Hour CTVC/TVC 4 - HD Road Navnagar/Cam 4 - WB Backup/2026-07-23/20260723_151745_tp00140,
/home/users/oauser/mvsa/vehicle-counting/dataset/DC646KA01 - Traffic & Transport Primary Surveys Hubballi-Dharwad in the state of Karnataka/TVC - 7 Days and 24 Hour CTVC/TVC 4 - HD Road Navnagar/Cam 4 - WB Backup/2026-07-24/20260724_234429_tp00179.mp4,completed,2026-08-22 20:13:47,2026-08-22 20:19:26,338.47,/home/users/oauser/mvsa/vehicle-counting/output/dataset/DC646KA01 - Traffic & Transport Primary Surveys Hubballi-Dharwad in the state of Karnataka/TVC - 7 Days and 24 Hour CTVC/TVC 4 - HD Road Navnagar/Cam 4 - WB Backup/2026-07-24/20260724_234429_tp00179,
/home/users/oauser/mvsa/vehicle-counting/dataset/DC646KA01 - Traffic & Transport Primary Surveys Hubballi-Dharwad in the state of Karnataka/TVC - 7 Days and 24 Hour CTVC/TVC 4 - HD Road Navnagar/Cam 4 - WB Backup/2026-07-25/20260725_065225_tp00184.mp4,completed,2026-08-22 20:19:26,2026-08-22 20:25:08,342.47,/home/users/oauser/mvsa/vehicle-counting/output/dataset/DC646KA01 - Traffic & Transport Primary Surveys Hubballi-Dharwad in the state of Karnataka/TVC - 7 Days and 24 Hour CTVC/TVC 4 - HD Road Navnagar/Cam 4 - WB Backup/2026-07-25/20260725_065225_tp00184,
/home/users/oauser/mvsa/vehicle-counting/dataset/DC646KA01 - Traffic & Transport Primary Surveys Hubballi-Dharwad in the state of Karnataka/TVC - 7 Days and 24 Hour CTVC/TVC 5 - Gokul Rd Near Airport/Cam 3 - EB Backup cam/2026-07-15/20260715_053640_tp00023.mp4,completed,2026-08-22 20:25:08,2026-08-22 20:30:39,330.45,/home/users/oauser/mvsa/vehicle-counting/output/dataset/DC646KA01 - Traffic & Transport Primary Surveys Hubballi-Dharwad in the state of Karnataka/TVC - 7 Days and 24 Hour CTVC/TVC 5 - Gokul Rd Near Airport/Cam 3 - EB Backup cam/2026-07-15/20260715_053640_tp00023,
/home/users/oauser/mvsa/vehicle-counting/dataset/DC646KA01 - Traffic & Transport Primary Surveys Hubballi-Dharwad in the state of Karnataka/TVC - 7 Days and 24 Hour CTVC/TVC 5 - Gokul Rd Near Airport/Cam 3 - EB Backup cam/2026-07-16/20260716_024309_tp00052.mp4,failed,2026-08-22 20:30:39,2026-08-22 20:36:13,334.14,/home/users/oauser/mvsa/vehicle-counting/output/dataset/DC646KA01 - Traffic & Transport Primary Surveys Hubballi-Dharwad in the state of Karnataka/TVC - 7 Days and 24 Hour CTVC/TVC 5 - Gokul Rd Near Airport/Cam 3 - EB Backup cam/2026-07-16/20260716_024309_tp00052,Pipeline finished but expected output files are missing
/home/users/oauser/mvsa/vehicle-counting/dataset/DC646KA01 - Traffic & Transport Primary Surveys Hubballi-Dharwad in the state of Karnataka/TVC - 7 Days and 24 Hour CTVC/TVC 5 - Gokul Rd Near Airport/Cam 3 - EB Backup cam/2026-07-17/20260717_151100_tp00101.mp4,completed,2026-08-22 20:36:13,2026-08-22 20:42:35,382.38,/home/users/oauser/mvsa/vehicle-counting/output/dataset/DC646KA01 - Traffic & Transport Primary Surveys Hubballi-Dharwad in the state of Karnataka/TVC - 7 Days and 24 Hour CTVC/TVC 5 - Gokul Rd Near Airport/Cam 3 - EB Backup cam/2026-07-17/20260717_151100_tp00101,
/home/users/oauser/mvsa/vehicle-counting/dataset/DC646KA01 - Traffic & Transport Primary Surveys Hubballi-Dharwad in the state of Karnataka/TVC - 7 Days and 24 Hour CTVC/TVC 5 - Gokul Rd Near Airport/Cam 3 - EB Backup cam/2026-07-18/20260718_195501_tp00018.mp4,completed,2026-08-22 20:42:35,2026-08-22 20:49:40,424.43,/home/users/oauser/mvsa/vehicle-counting/output/dataset/DC646KA01 - Traffic & Transport Primary Surveys Hubballi-Dharwad in the state of Karnataka/TVC - 7 Days and 24 Hour CTVC/TVC 5 - Gokul Rd Near Airport/Cam 3 - EB Backup cam/2026-07-18/20260718_195501_tp00018,
/home/users/oauser/mvsa/vehicle-counting/dataset/DC646KA01 - Traffic & Transport Primary Surveys Hubballi-Dharwad in the state of Karnataka/TVC - 7 Days and 24 Hour CTVC/TVC 5 - Gokul Rd Near Airport/Cam 3 - EB Backup cam/2026-07-19/20260719_182930_tp00055.mp4,completed,2026-08-22 20:49:40,2026-08-22 20:56:38,418.67,/home/users/oauser/mvsa/vehicle-counting/output/dataset/DC646KA01 - Traffic & Transport Primary Surveys Hubballi-Dharwad in the state of Karnataka/TVC - 7 Days and 24 Hour CTVC/TVC 5 - Gokul Rd Near Airport/Cam 3 - EB Backup cam/2026-07-19/20260719_182930_tp00055,
/home/users/oauser/mvsa/vehicle-counting/dataset/DC646KA01 - Traffic & Transport Primary Surveys Hubballi-Dharwad in the state of Karnataka/TVC - 7 Days and 24 Hour CTVC/TVC 5 - Gokul Rd Near Airport/Cam 3 - EB Backup cam/2026-07-20/20260720_234604_tp00102.mp4,completed,2026-08-22 20:56:38,2026-08-22 21:02:58,379.93,/home/users/oauser/mvsa/vehicle-counting/output/dataset/DC646KA01 - Traffic & Transport Primary Surveys Hubballi-Dharwad in the state of Karnataka/TVC - 7 Days and 24 Hour CTVC/TVC 5 - Gokul Rd Near Airport/Cam 3 - EB Backup cam/2026-07-20/20260720_234604_tp00102,
/home/users/oauser/mvsa/vehicle-counting/dataset/DC646KA01 - Traffic & Transport Primary Surveys Hubballi-Dharwad in the state of Karnataka/TVC - 7 Days and 24 Hour CTVC/TVC 5 - Gokul Rd Near Airport/Cam 3 - EB Backup cam/2026-07-21/20260721_130940_tp00123.mp4,completed,2026-08-22 21:02:58,2026-08-22 21:10:03,424.67,/home/users/oauser/mvsa/vehicle-counting/output/dataset/DC646KA01 - Traffic & Transport Primary Surveys Hubballi-Dharwad in the state of Karnataka/TVC - 7 Days and 24 Hour CTVC/TVC 5 - Gokul Rd Near Airport/Cam 3 - EB Backup cam/2026-07-21/20260721_130940_tp00123,
/home/users/oauser/mvsa/vehicle-counting/dataset/DC646KA01 - Traffic & Transport Primary Surveys Hubballi-Dharwad in the state of Karnataka/TVC - 7 Days and 24 Hour CTVC/TVC 5 - Gokul Rd Near Airport/Cam 3 - EB Backup cam/2026-07-22/20260722_053159_tp00151.mp4,failed,2026-08-22 21:10:03,2026-08-22 21:16:25,381.85,/home/users/oauser/mvsa/vehicle-counting/output/dataset/DC646KA01 - Traffic & Transport Primary Surveys Hubballi-Dharwad in the state of Karnataka/TVC - 7 Days and 24 Hour CTVC/TVC 5 - Gokul Rd Near Airport/Cam 3 - EB Backup cam/2026-07-22/20260722_053159_tp00151,Pipeline finished but expected output files are missing
/home/users/oauser/mvsa/vehicle-counting/dataset/DC646KA01 - Traffic & Transport Primary Surveys Hubballi-Dharwad in the state of Karnataka/TVC - 7 Days and 24 Hour CTVC/TVC 5 - Gokul Rd Near Airport/Cam 4 -WB Backup cam/2026-07-16/20260716_132928_tp00006.mp4,completed,2026-08-22 21:16:25,2026-08-22 21:22:22,357.17,/home/users/oauser/mvsa/vehicle-counting/output/dataset/DC646KA01 - Traffic & Transport Primary Surveys Hubballi-Dharwad in the state of Karnataka/TVC - 7 Days and 24 Hour CTVC/TVC 5 - Gokul Rd Near Airport/Cam 4 -WB Backup cam/2026-07-16/20260716_132928_tp00006,
/home/users/oauser/mvsa/vehicle-counting/dataset/DC646KA01 - Traffic & Transport Primary Surveys Hubballi-Dharwad in the state of Karnataka/TVC - 7 Days and 24 Hour CTVC/TVC 5 - Gokul Rd Near Airport/Cam 4 -WB Backup cam/2026-07-17/20260717_074715_tp00023.mp4,completed,2026-08-22 21:22:22,2026-08-22 21:28:44,382.43,/home/users/oauser/mvsa/vehicle-counting/output/dataset/DC646KA01 - Traffic & Transport Primary Surveys Hubballi-Dharwad in the state of Karnataka/TVC - 7 Days and 24 Hour CTVC/TVC 5 - Gokul Rd Near Airport/Cam 4 -WB Backup cam/2026-07-17/20260717_074715_tp00023,
/home/users/oauser/mvsa/vehicle-counting/dataset/DC646KA01 - Traffic & Transport Primary Surveys Hubballi-Dharwad in the state of Karnataka/TVC - 7 Days and 24 Hour CTVC/TVC 5 - Gokul Rd Near Airport/Cam 4 -WB Backup cam/2026-07-18/20260718_041511_tp00045.mp4,completed,2026-08-22 21:28:44,2026-08-22 21:34:35,350.77,/home/users/oauser/mvsa/vehicle-counting/output/dataset/DC646KA01 - Traffic & Transport Primary Surveys Hubballi-Dharwad in the state of Karnataka/TVC - 7 Days and 24 Hour CTVC/TVC 5 - Gokul Rd Near Airport/Cam 4 -WB Backup cam/2026-07-18/20260718_041511_tp00045,
/home/users/oauser/mvsa/vehicle-counting/dataset/DC646KA01 - Traffic & Transport Primary Surveys Hubballi-Dharwad in the state of Karnataka/TVC - 7 Days and 24 Hour CTVC/TVC 5 - Gokul Rd Near Airport/Cam 4 -WB Backup cam/2026-07-19/20260719_214013_tp00011.mp4,completed,2026-08-22 21:34:35,2026-08-22 21:40:50,375.42,/home/users/oauser/mvsa/vehicle-counting/output/dataset/DC646KA01 - Traffic & Transport Primary Surveys Hubballi-Dharwad in the state of Karnataka/TVC - 7 Days and 24 Hour CTVC/TVC 5 - Gokul Rd Near Airport/Cam 4 -WB Backup cam/2026-07-19/20260719_214013_tp00011,
/home/users/oauser/mvsa/vehicle-counting/dataset/DC646KA01 - Traffic & Transport Primary Surveys Hubballi-Dharwad in the state of Karnataka/TVC - 7 Days and 24 Hour CTVC/TVC 5 - Gokul Rd Near Airport/Cam 4 -WB Backup cam/2026-07-20/20260720_201837_tp00033.mp4,completed,2026-08-22 21:40:50,2026-08-22 21:46:41,350.59,/home/users/oauser/mvsa/vehicle-counting/output/dataset/DC646KA01 - Traffic & Transport Primary Surveys Hubballi-Dharwad in the state of Karnataka/TVC - 7 Days and 24 Hour CTVC/TVC 5 - Gokul Rd Near Airport/Cam 4 -WB Backup cam/2026-07-20/20260720_201837_tp00033,
/home/users/oauser/mvsa/vehicle-counting/dataset/DC646KA01 - Traffic & Transport Primary Surveys Hubballi-Dharwad in the state of Karnataka/TVC - 7 Days and 24 Hour CTVC/TVC 5 - Gokul Rd Near Airport/Cam 4 -WB Backup cam/2026-07-21/20260721_094604_tp00044.mp4,completed,2026-08-22 21:46:41,2026-08-22 21:53:01,379.77,/home/users/oauser/mvsa/vehicle-counting/output/dataset/DC646KA01 - Traffic & Transport Primary Surveys Hubballi-Dharwad in the state of Karnataka/TVC - 7 Days and 24 Hour CTVC/TVC 5 - Gokul Rd Near Airport/Cam 4 -WB Backup cam/2026-07-21/20260721_094604_tp00044,
/home/users/oauser/mvsa/vehicle-counting/dataset/DC646KA01 - Traffic & Transport Primary Surveys Hubballi-Dharwad in the state of Karnataka/TVC - 7 Days and 24 Hour CTVC/TVC 5 - Gokul Rd Near Airport/Cam 4 -WB Backup cam/2026-07-22/20260722_044559_tp00064.mp4,failed,2026-08-22 21:53:01,2026-08-22 21:58:46,345.58,/home/users/oauser/mvsa/vehicle-counting/output/dataset/DC646KA01 - Traffic & Transport Primary Surveys Hubballi-Dharwad in the state of Karnataka/TVC - 7 Days and 24 Hour CTVC/TVC 5 - Gokul Rd Near Airport/Cam 4 -WB Backup cam/2026-07-22/20260722_044559_tp00064,Pipeline finished but expected output files are missing
/home/users/oauser/mvsa/vehicle-counting/dataset/DC646KA01 - Traffic & Transport Primary Surveys Hubballi-Dharwad in the state of Karnataka/TVC - 7 Days and 24 Hour CTVC/TVC 6 - Gabbur Rd/Cam 03 - Backup/2026-07-14/20260714_115253_tp00016.mp4,completed,2026-08-22 21:58:46,2026-08-22 22:04:48,361.48,/home/users/oauser/mvsa/vehicle-counting/output/dataset/DC646KA01 - Traffic & Transport Primary Surveys Hubballi-Dharwad in the state of Karnataka/TVC - 7 Days and 24 Hour CTVC/TVC 6 - Gabbur Rd/Cam 03 - Backup/2026-07-14/20260714_115253_tp00016,
/home/users/oauser/mvsa/vehicle-counting/dataset/DC646KA01 - Traffic & Transport Primary Surveys Hubballi-Dharwad in the state of Karnataka/TVC - 7 Days and 24 Hour CTVC/TVC 6 - Gabbur Rd/Cam 03 - Backup/2026-07-15/20260715_213548_tp00067.mp4,completed,2026-08-22 22:04:48,2026-08-22 22:11:02,374.33,/home/users/oauser/mvsa/vehicle-counting/output/dataset/DC646KA01 - Traffic & Transport Primary Surveys Hubballi-Dharwad in the state of Karnataka/TVC - 7 Days and 24 Hour CTVC/TVC 6 - Gabbur Rd/Cam 03 - Backup/2026-07-15/20260715_213548_tp00067,
/home/users/oauser/mvsa/vehicle-counting/dataset/DC646KA01 - Traffic & Transport Primary Surveys Hubballi-Dharwad in the state of Karnataka/TVC - 7 Days and 24 Hour CTVC/TVC 6 - Gabbur Rd/Cam 03 - Backup/2026-07-16/20260716_013423_tp00072.mp4,completed,2026-08-22 22:11:02,2026-08-22 22:16:56,353.75,/home/users/oauser/mvsa/vehicle-counting/output/dataset/DC646KA01 - Traffic & Transport Primary Surveys Hubballi-Dharwad in the state of Karnataka/TVC - 7 Days and 24 Hour CTVC/TVC 6 - Gabbur Rd/Cam 03 - Backup/2026-07-16/20260716_013423_tp00072,
/home/users/oauser/mvsa/vehicle-counting/dataset/DC646KA01 - Traffic & Transport Primary Surveys Hubballi-Dharwad in the state of Karnataka/TVC - 7 Days and 24 Hour CTVC/TVC 6 - Gabbur Rd/Cam 03 - Backup/2026-07-17/20260717_204619_tp00135.mp4,completed,2026-08-22 22:16:56,2026-08-22 22:23:00,364.49,/home/users/oauser/mvsa/vehicle-counting/output/dataset/DC646KA01 - Traffic & Transport Primary Surveys Hubballi-Dharwad in the state of Karnataka/TVC - 7 Days and 24 Hour CTVC/TVC 6 - Gabbur Rd/Cam 03 - Backup/2026-07-17/20260717_204619_tp00135,
/home/users/oauser/mvsa/vehicle-counting/dataset/DC646KA01 - Traffic & Transport Primary Surveys Hubballi-Dharwad in the state of Karnataka/TVC - 7 Days and 24 Hour CTVC/TVC 6 - Gabbur Rd/Cam 03 - Backup/2026-07-18/20260718_115359_tp00153.mp4,completed,2026-08-22 22:23:00,2026-08-22 22:29:17,376.83,/home/users/oauser/mvsa/vehicle-counting/output/dataset/DC646KA01 - Traffic & Transport Primary Surveys Hubballi-Dharwad in the state of Karnataka/TVC - 7 Days and 24 Hour CTVC/TVC 6 - Gabbur Rd/Cam 03 - Backup/2026-07-18/20260718_115359_tp00153,
/home/users/oauser/mvsa/vehicle-counting/dataset/DC646KA01 - Traffic & Transport Primary Surveys Hubballi-Dharwad in the state of Karnataka/TVC - 7 Days and 24 Hour CTVC/TVC 6 - Gabbur Rd/Cam 03 - Backup/2026-07-19/20260719_042618_tp00176.mp4,completed,2026-08-22 22:29:17,2026-08-22 22:34:50,332.26,/home/users/oauser/mvsa/vehicle-counting/output/dataset/DC646KA01 - Traffic & Transport Primary Surveys Hubballi-Dharwad in the state of Karnataka/TVC - 7 Days and 24 Hour CTVC/TVC 6 - Gabbur Rd/Cam 03 - Backup/2026-07-19/20260719_042618_tp00176,
/home/users/oauser/mvsa/vehicle-counting/dataset/DC646KA01 - Traffic & Transport Primary Surveys Hubballi-Dharwad in the state of Karnataka/TVC - 7 Days and 24 Hour CTVC/TVC 7 - Hubli Gadag Rd/Cam 3 - Backup Cam/2026-07-14/20260714_110820_tp00020.mp4,completed,2026-08-22 22:34:50,2026-08-22 22:40:44,354.03,/home/users/oauser/mvsa/vehicle-counting/output/dataset/DC646KA01 - Traffic & Transport Primary Surveys Hubballi-Dharwad in the state of Karnataka/TVC - 7 Days and 24 Hour CTVC/TVC 7 - Hubli Gadag Rd/Cam 3 - Backup Cam/2026-07-14/20260714_110820_tp00020,
/home/users/oauser/mvsa/vehicle-counting/dataset/DC646KA01 - Traffic & Transport Primary Surveys Hubballi-Dharwad in the state of Karnataka/TVC - 7 Days and 24 Hour CTVC/TVC 7 - Hubli Gadag Rd/Cam 3 - Backup Cam/2026-07-15/20260715_150056_tp00052.mp4,completed,2026-08-22 22:40:44,2026-08-22 22:46:42,358.66,/home/users/oauser/mvsa/vehicle-counting/output/dataset/DC646KA01 - Traffic & Transport Primary Surveys Hubballi-Dharwad in the state of Karnataka/TVC - 7 Days and 24 Hour CTVC/TVC 7 - Hubli Gadag Rd/Cam 3 - Backup Cam/2026-07-15/20260715_150056_tp00052,
/home/users/oauser/mvsa/vehicle-counting/dataset/DC646KA01 - Traffic & Transport Primary Surveys Hubballi-Dharwad in the state of Karnataka/TVC - 7 Days and 24 Hour CTVC/TVC 7 - Hubli Gadag Rd/Cam 3 - Backup Cam/2026-07-16/20260716_162241_tp00079.mp4,completed,2026-08-22 22:46:42,2026-08-22 22:52:46,363.67,/home/users/oauser/mvsa/vehicle-counting/output/dataset/DC646KA01 - Traffic & Transport Primary Surveys Hubballi-Dharwad in the state of Karnataka/TVC - 7 Days and 24 Hour CTVC/TVC 7 - Hubli Gadag Rd/Cam 3 - Backup Cam/2026-07-16/20260716_162241_tp00079,
/home/users/oauser/mvsa/vehicle-counting/dataset/DC646KA01 - Traffic & Transport Primary Surveys Hubballi-Dharwad in the state of Karnataka/TVC - 7 Days and 24 Hour CTVC/TVC 7 - Hubli Gadag Rd/Cam 3 - Backup Cam/2026-07-17/20260717_172326_tp00105.mp4,completed,2026-08-22 22:52:46,2026-08-22 22:58:54,368.32,/home/users/oauser/mvsa/vehicle-counting/output/dataset/DC646KA01 - Traffic & Transport Primary Surveys Hubballi-Dharwad in the state of Karnataka/TVC - 7 Days and 24 Hour CTVC/TVC 7 - Hubli Gadag Rd/Cam 3 - Backup Cam/2026-07-17/20260717_172326_tp00105,
/home/users/oauser/mvsa/vehicle-counting/dataset/DC646KA01 - Traffic & Transport Primary Surveys Hubballi-Dharwad in the state of Karnataka/TVC - 7 Days and 24 Hour CTVC/TVC 7 - Hubli Gadag Rd/Cam 3 - Backup Cam/2026-07-18/20260718_220320_tp00134.mp4,completed,2026-08-22 22:58:54,2026-08-22 23:04:38,343.79,/home/users/oauser/mvsa/vehicle-counting/output/dataset/DC646KA01 - Traffic & Transport Primary Surveys Hubballi-Dharwad in the state of Karnataka/TVC - 7 Days and 24 Hour CTVC/TVC 7 - Hubli Gadag Rd/Cam 3 - Backup Cam/2026-07-18/20260718_220320_tp00134,
/home/users/oauser/mvsa/vehicle-counting/dataset/DC646KA01 - Traffic & Transport Primary Surveys Hubballi-Dharwad in the state of Karnataka/TVC - 7 Days and 24 Hour CTVC/TVC 7 - Hubli Gadag Rd/Cam 3 - Backup Cam/2026-07-19/20260719_165937_tp00002.mp4,completed,2026-08-22 23:04:38,2026-08-22 23:10:47,369.18,/home/users/oauser/mvsa/vehicle-counting/output/dataset/DC646KA01 - Traffic & Transport Primary Surveys Hubballi-Dharwad in the state of Karnataka/TVC - 7 Days and 24 Hour CTVC/TVC 7 - Hubli Gadag Rd/Cam 3 - Backup Cam/2026-07-19/20260719_165937_tp00002,
/home/users/oauser/mvsa/vehicle-counting/dataset/DC646KA01 - Traffic & Transport Primary Surveys Hubballi-Dharwad in the state of Karnataka/TVC - 7 Days and 24 Hour CTVC/TVC 7 - Hubli Gadag Rd/Cam 3 - Backup Cam/2026-07-20/20260720_090206_tp00017.mp4,completed,2026-08-22 23:10:47,2026-08-22 23:16:56,368.79,/home/users/oauser/mvsa/vehicle-counting/output/dataset/DC646KA01 - Traffic & Transport Primary Surveys Hubballi-Dharwad in the state of Karnataka/TVC - 7 Days and 24 Hour CTVC/TVC 7 - Hubli Gadag Rd/Cam 3 - Backup Cam/2026-07-20/20260720_090206_tp00017,
/home/users/oauser/mvsa/vehicle-counting/dataset/DC646KA01 - Traffic & Transport Primary Surveys Hubballi-Dharwad in the state of Karnataka/TVC - 7 Days and 24 Hour CTVC/TVC 7 - Hubli Gadag Rd/Cam 3 - Backup Cam/2026-07-21/20260721_004731_tp00037.mp4,completed,2026-08-22 23:16:56,2026-08-22 23:22:30,333.85,/home/users/oauser/mvsa/vehicle-counting/output/dataset/DC646KA01 - Traffic & Transport Primary Surveys Hubballi-Dharwad in the state of Karnataka/TVC - 7 Days and 24 Hour CTVC/TVC 7 - Hubli Gadag Rd/Cam 3 - Backup Cam/2026-07-21/20260721_004731_tp00037,
/home/users/oauser/mvsa/vehicle-counting/dataset/DC646KA01 - Traffic & Transport Primary Surveys Hubballi-Dharwad in the state of Karnataka/TVC - 7 Days and 24 Hour CTVC/TVC 8 - Keshavapur/Cam 2  - Backup/2026-07-14/20260714_135410_tp00037.mp4,completed,2026-08-22 23:22:30,2026-08-22 23:30:43,493.1,/home/users/oauser/mvsa/vehicle-counting/output/dataset/DC646KA01 - Traffic & Transport Primary Surveys Hubballi-Dharwad in the state of Karnataka/TVC - 7 Days and 24 Hour CTVC/TVC 8 - Keshavapur/Cam 2  - Backup/2026-07-14/20260714_135410_tp00037,
/home/users/oauser/mvsa/vehicle-counting/dataset/DC646KA01 - Traffic & Transport Primary Surveys Hubballi-Dharwad in the state of Karnataka/TVC - 7 Days and 24 Hour CTVC/TVC 8 - Keshavapur/Cam 2  - Backup/2026-07-15/20260715_073009_tp00060.mp4,completed,2026-08-22 23:30:43,2026-08-22 23:37:16,393.26,/home/users/oauser/mvsa/vehicle-counting/output/dataset/DC646KA01 - Traffic & Transport Primary Surveys Hubballi-Dharwad in the state of Karnataka/TVC - 7 Days and 24 Hour CTVC/TVC 8 - Keshavapur/Cam 2  - Backup/2026-07-15/20260715_073009_tp00060,
/home/users/oauser/mvsa/vehicle-counting/dataset/DC646KA01 - Traffic & Transport Primary Surveys Hubballi-Dharwad in the state of Karnataka/TVC - 7 Days and 24 Hour CTVC/TVC 8 - Keshavapur/Cam 2  - Backup/2026-07-16/20260716_201234_tp00117.mp4,completed,2026-08-22 23:37:16,2026-08-22 23:43:17,360.47,/home/users/oauser/mvsa/vehicle-counting/output/dataset/DC646KA01 - Traffic & Transport Primary Surveys Hubballi-Dharwad in the state of Karnataka/TVC - 7 Days and 24 Hour CTVC/TVC 8 - Keshavapur/Cam 2  - Backup/2026-07-16/20260716_201234_tp00117,
/home/users/oauser/mvsa/vehicle-counting/dataset/DC646KA01 - Traffic & Transport Primary Surveys Hubballi-Dharwad in the state of Karnataka/TVC - 7 Days and 24 Hour CTVC/TVC 8 - Keshavapur/Cam 2  - Backup/2026-07-17/20260717_132116_tp00140.mp4,completed,2026-08-22 23:43:17,2026-08-22 23:51:14,477.57,/home/users/oauser/mvsa/vehicle-counting/output/dataset/DC646KA01 - Traffic & Transport Primary Surveys Hubballi-Dharwad in the state of Karnataka/TVC - 7 Days and 24 Hour CTVC/TVC 8 - Keshavapur/Cam 2  - Backup/2026-07-17/20260717_132116_tp00140,
/home/users/oauser/mvsa/vehicle-counting/dataset/DC646KA01 - Traffic & Transport Primary Surveys Hubballi-Dharwad in the state of Karnataka/TVC - 7 Days and 24 Hour CTVC/TVC 8 - Keshavapur/Cam 2  - Backup/2026-07-18/20260718_200109_tp00006.mp4,completed,2026-08-22 23:51:14,2026-08-22 23:57:52,398.14,/home/users/oauser/mvsa/vehicle-counting/output/dataset/DC646KA01 - Traffic & Transport Primary Surveys Hubballi-Dharwad in the state of Karnataka/TVC - 7 Days and 24 Hour CTVC/TVC 8 - Keshavapur/Cam 2  - Backup/2026-07-18/20260718_200109_tp00006,
/home/users/oauser/mvsa/vehicle-counting/dataset/DC646KA01 - Traffic & Transport Primary Surveys Hubballi-Dharwad in the state of Karnataka/TVC - 7 Days and 24 Hour CTVC/TVC 8 - Keshavapur/Cam 2  - Backup/2026-07-19/20260719_002342_tp00012.mp4,failed,2026-08-22 23:57:52,2026-08-23 00:03:49,356.78,/home/users/oauser/mvsa/vehicle-counting/output/dataset/DC646KA01 - Traffic & Transport Primary Surveys Hubballi-Dharwad in the state of Karnataka/TVC - 7 Days and 24 Hour CTVC/TVC 8 - Keshavapur/Cam 2  - Backup/2026-07-19/20260719_002342_tp00012,Pipeline finished but expected output files are missing
/home/users/oauser/mvsa/vehicle-counting/dataset/DC646KA01 - Traffic & Transport Primary Surveys Hubballi-Dharwad in the state of Karnataka/TVC - 7 Days and 24 Hour CTVC/TVC 8 - Keshavapur/Cam 2  - Backup/2026-07-20/20260720_131750_tp00062.mp4,completed,2026-08-23 00:03:49,2026-08-23 00:11:56,486.58,/home/users/oauser/mvsa/vehicle-counting/output/dataset/DC646KA01 - Traffic & Transport Primary Surveys Hubballi-Dharwad in the state of Karnataka/TVC - 7 Days and 24 Hour CTVC/TVC 8 - Keshavapur/Cam 2  - Backup/2026-07-20/20260720_131750_tp00062,
/home/users/oauser/mvsa/vehicle-counting/dataset/DC646KA01 - Traffic & Transport Primary Surveys Hubballi-Dharwad in the state of Karnataka/TVC - 7 Days and 24 Hour CTVC/TVC 8 - Keshavapur/Cam 2  - Backup/2026-07-21/20260721_013408_tp00080.mp4,completed,2026-08-23 00:11:56,2026-08-23 00:17:56,360.2,/home/users/oauser/mvsa/vehicle-counting/output/dataset/DC646KA01 - Traffic & Transport Primary Surveys Hubballi-Dharwad in the state of Karnataka/TVC - 7 Days and 24 Hour CTVC/TVC 8 - Keshavapur/Cam 2  - Backup/2026-07-21/20260721_013408_tp00080,
